<?xml version="1.0" encoding="utf-8" standalone="yes" ?>
<rss version="2.0" xmlns:atom="http://www.w3.org/2005/Atom">
  <channel>
    <title>Alain D. Patrick (AlidiPatrick) | LIFI LED</title>
    <link>https://lifi-led.ci/author/alain-d.-patrick-alidipatrick/</link>
      <atom:link href="https://lifi-led.ci/author/alain-d.-patrick-alidipatrick/index.xml" rel="self" type="application/rss+xml" />
    <description>Alain D. Patrick (AlidiPatrick)</description>
    <generator>Wowchemy (https://wowchemy.com)</generator><language>fr-fr</language>
    <image>
      <url>https://lifi-led.ci/author/alain-d.-patrick-alidipatrick/avatar_hua5a9a514a3c6c8abae97e2f3afa20769_356020_270x270_fill_lanczos_center_3.png</url>
      <title>Alain D. Patrick (AlidiPatrick)</title>
      <link>https://lifi-led.ci/author/alain-d.-patrick-alidipatrick/</link>
    </image>
    
  </channel>
</rss>
