<?xml version="1.0" encoding="utf-8" standalone="yes" ?>
<rss version="2.0" xmlns:atom="http://www.w3.org/2005/Atom">
  <channel>
    <title>Dernières nouvelles | LIFI LED</title>
    <link>https://lifi-led.ci/post/</link>
      <atom:link href="https://lifi-led.ci/post/index.xml" rel="self" type="application/rss+xml" />
    <description>Dernières nouvelles</description>
    <generator>Wowchemy (https://wowchemy.com)</generator><language>fr-fr</language><lastBuildDate>Wed, 02 Dec 2020 00:00:00 +0000</lastBuildDate>
    <image>
      <url>https://lifi-led.ci/media/icon_hu7b71accb428eb6e2cf883488ffd27d89_25304_512x512_fill_lanczos_center_3.png</url>
      <title>Dernières nouvelles</title>
      <link>https://lifi-led.ci/post/</link>
    </image>
    
    <item>
      <title>LIFI-LED: Proposition d&#39;une technologie innovante et écologique pour se connecter à grande vitesse  .</title>
      <link>https://lifi-led.ci/post/installation/</link>
      <pubDate>Wed, 02 Dec 2020 00:00:00 +0000</pubDate>
      <guid>https://lifi-led.ci/post/installation/</guid>
      <description>&lt;p&gt;Plus de 600 millions d’Africains n’ont pas accès à l’électricité et plus de 1 milliard n’ont pas accès à internet. Heureusement, il y a une solution pour vous. Une solution qui vous permettra de bénéficier de l’électricité, de l’internet, du contenu pédagogique agricole par la même occasion et nous sommes LIFILED.&lt;/p&gt;
&lt;p&gt;LIFI-LED est la start-up numéro 1 spécialisée dans l’intégration des solutions LIFI proposant un système d’éclairage comme un service de communication sans fil et d’internet haut débit. La technologie LIFI utilise la lumière comme source de transmission de donnée Internet à très haut débit grâce à une lampe LED connectée.
Comme il y a l’énergie solaire, disposer dès aujourd’hui une solution écologique trois en une (3 en 1), de production d’électricité et d’accès internet à l’information partout dans le monde.&lt;/p&gt;
&lt;p&gt;Nous présentons des solutions individuelles pour les ménages mais également des solutions communautaires à destination des entreprises, des gouvernements, des collectivités territoriales à travers les produits suivants : Smart lamp LED, Kit solaire individuel, lampadaire intelligent et la borne LIFI.&lt;/p&gt;
&lt;p&gt;Une application LIFILED permet l’achat de pass internet avec des offres d’abonnements &lt;em&gt;PAY AS YOU GO&lt;/em&gt; de 1 euro/jour, 6 euros/semaine et 20 euros/mois avec premier mois offert à l’abonnement. Aujourd’hui, LIFILED est la seule Entreprise exploitant la technologie LIFI au service des communautés et des particuliers pour l’accès et l’optimisation énergétique et a déjà contribuer à la connectivité  de plus de 25.000 utilisateurs dans 10 pays d’Afrique. Côte d’Ivoire, Libéria, Centre Afrique, Gabon, Comores, Burkina Faso, Sénégal, Maroc, Algérie et Madagascar.&lt;/p&gt;
&lt;p&gt;Nos solutions sont grandement appréciées par nos utilisateurs comme nous confirme le taux de réabonnement mensuel de 80 pour cent.&lt;/p&gt;
</description>
    </item>
    
    <item>
      <title>Richard Hendricks Wins First Place in the Wowchemy Prize</title>
      <link>https://lifi-led.ci/post/kit-solaire/</link>
      <pubDate>Tue, 01 Dec 2020 00:00:00 +0000</pubDate>
      <guid>https://lifi-led.ci/post/kit-solaire/</guid>
      <description>&lt;p&gt;Congratulations to Richard Hendricks for winning first place in the Wowchemy Prize.&lt;/p&gt;
&lt;p&gt;Lorem ipsum dolor sit amet, consectetur adipiscing elit. Integer tempus augue non tempor egestas. Proin nisl nunc, dignissim in accumsan dapibus, auctor ullamcorper neque. Quisque at elit felis. Vestibulum ante ipsum primis in faucibus orci luctus et ultrices posuere cubilia curae; Aenean eget elementum odio. Cras interdum eget risus sit amet aliquet. In volutpat, nisl ut fringilla dignissim, arcu nisl suscipit ante, at accumsan sapien nisl eu eros.&lt;/p&gt;
&lt;p&gt;Sed eu dui nec ligula bibendum dapibus. Nullam imperdiet auctor tortor, vel cursus mauris malesuada non. Quisque ultrices euismod dapibus. Aenean sed gravida risus. Sed nisi tortor, vulputate nec quam non, placerat porta nisl. Nunc varius lobortis urna, condimentum facilisis ipsum molestie eu. Ut molestie eleifend ligula sed dignissim. Duis ut tellus turpis. Praesent tincidunt, nunc sed congue malesuada, mauris enim maximus massa, eget interdum turpis urna et ante. Morbi sem nisl, cursus quis mollis et, interdum luctus augue. Aliquam laoreet, leo et accumsan tincidunt, libero neque aliquet lectus, a ultricies lorem mi a orci.&lt;/p&gt;
&lt;p&gt;Mauris dapibus sem vel magna convallis laoreet. Donec in venenatis urna, vitae sodales odio. Praesent tortor diam, varius non luctus nec, bibendum vel est. Quisque id sem enim. Maecenas at est leo. Vestibulum tristique pellentesque ex, blandit placerat nunc eleifend sit amet. Fusce eget lectus bibendum, accumsan mi quis, luctus sem. Etiam vitae nulla scelerisque, eleifend odio in, euismod quam. Etiam porta ullamcorper massa, vitae gravida turpis euismod quis. Mauris sodales sem ac ultrices viverra. In placerat ultrices sapien. Suspendisse eu arcu hendrerit, luctus tortor cursus, maximus dolor. Proin et velit et quam gravida dapibus. Donec blandit justo ut consequat tristique.&lt;/p&gt;</description>
    </item>
    
  </channel>
</rss>
