<?xml version="1.0" encoding="utf-8" standalone="yes" ?>
<rss version="2.0" xmlns:atom="http://www.w3.org/2005/Atom">
  <channel>
    <title>Gilles Akre | LIFI LED</title>
    <link>https://lifi-led.ci/author/gilles-akre/</link>
      <atom:link href="https://lifi-led.ci/author/gilles-akre/index.xml" rel="self" type="application/rss+xml" />
    <description>Gilles Akre</description>
    <generator>Wowchemy (https://wowchemy.com)</generator><language>fr-fr</language>
    <image>
      <url>https://lifi-led.ci/media/icon_hu7b71accb428eb6e2cf883488ffd27d89_25304_512x512_fill_lanczos_center_3.png</url>
      <title>Gilles Akre</title>
      <link>https://lifi-led.ci/author/gilles-akre/</link>
    </image>
    
  </channel>
</rss>
