<?xml version="1.0" encoding="utf-8" standalone="yes" ?>
<rss version="2.0" xmlns:atom="http://www.w3.org/2005/Atom">
  <channel>
    <title>Ange Frédérick Balma | LIFI LED</title>
    <link>https://lifi-led.ci/author/ange-frederick-balma/</link>
      <atom:link href="https://lifi-led.ci/author/ange-frederick-balma/index.xml" rel="self" type="application/rss+xml" />
    <description>Ange Frédérick Balma</description>
    <generator>Wowchemy (https://wowchemy.com)</generator><language>fr-fr</language>
    <image>
      <url>https://lifi-led.ci/author/ange-frederick-balma/avatar_hu757c47dd8dcfed5c72107a8ab96b9490_31558_270x270_fill_q75_lanczos_center.jpg</url>
      <title>Ange Frédérick Balma</title>
      <link>https://lifi-led.ci/author/ange-frederick-balma/</link>
    </image>
    
  </channel>
</rss>
