
    
    
    
    
    
    
    
    
    
    
    
    
    
    
    [{"authors":null,"categories":null,"content":"Odilon Andriamandresy dia…\nLorem ipsum dolor sit amet, consectetur adipiscing elit. Sed neque elit, tristique placerat feugiat ac, facilisis vitae arcu. Proin eget egestas augue. Praesent ut sem nec arcu pellentesque aliquet. Duis dapibus diam vel metus tempus vulputate.\n","date":1606867200,"expirydate":-62135596800,"kind":"term","lang":"fr","lastmod":1606867200,"objectID":"db90b590307c77eac4b5f79558172e47","permalink":"https://lifi-led.ci/author/dyl-mandress/","publishdate":"0001-01-01T00:00:00Z","relpermalink":"/author/dyl-mandress/","section":"authors","summary":"Odilon Andriamandresy dia…\nLorem ipsum dolor sit amet, consectetur adipiscing elit. Sed neque elit, tristique placerat feugiat ac, facilisis vitae arcu. Proin eget egestas augue. Praesent ut sem nec arcu pellentesque aliquet.","tags":null,"title":"Dyl Mandress","type":"authors"},{"authors":null,"categories":null,"content":"Bonjour, je me nomme Patrick.\nJe me déﬁnirais comme un architecte informatique, exerçant un métier assimilable au DevOps ou à un développeur full-stack. En somme, j’implémente les logiciels libres et open source dans la vie personnelle et l’organisation.\nJe suis professionnel dans ce domaine depuis 2013, initialement dans la gestion de parc informatique, l’administration système et réseaux, en passant par la vidéosurveillance.\nDepuis 2018, avec LiBRE Tech Solutions je suis consultant et auto-entrepreneur, offrant la mise en œuvre de la direction du système d’information à travers la transformation digitale, les méthodes agiles et l’amélioration continue, l’infogérance, le Cloud Computing et l’auto-hébergement Internet.\nJ’ai étudié dans le management, le marketing, l’audit et le contrôle de gestion. J’ai travaillé dans la microfinance et l’audit financier. Je suis aussi musicien, compositeur, arrangeur et guitariste dans les groupes KatZenJam et OLO Blaky. J’enseigne aussi la musique.\n","date":-62135596800,"expirydate":-62135596800,"kind":"term","lang":"fr","lastmod":-62135596800,"objectID":"c12d1025c0ee2c9cb09d3f079e6dadd9","permalink":"https://lifi-led.ci/author/alain-d.-patrick-alidipatrick/","publishdate":"0001-01-01T00:00:00Z","relpermalink":"/author/alain-d.-patrick-alidipatrick/","section":"authors","summary":"Bonjour, je me nomme Patrick.\nJe me déﬁnirais comme un architecte informatique, exerçant un métier assimilable au DevOps ou à un développeur full-stack. En somme, j’implémente les logiciels libres et open source dans la vie personnelle et l’organisation.","tags":null,"title":"Alain D. Patrick (AlidiPatrick)","type":"authors"},{"authors":null,"categories":null,"content":"","date":-62135596800,"expirydate":-62135596800,"kind":"term","lang":"fr","lastmod":-62135596800,"objectID":"0103df28691a899f9d008bc38b3af685","permalink":"https://lifi-led.ci/author/ange-frederick-balma/","publishdate":"0001-01-01T00:00:00Z","relpermalink":"/author/ange-frederick-balma/","section":"authors","summary":"","tags":null,"title":"Ange Frédérick Balma","type":"authors"},{"authors":null,"categories":null,"content":"","date":-62135596800,"expirydate":-62135596800,"kind":"term","lang":"fr","lastmod":-62135596800,"objectID":"3dca5421edcd47ca8dbc194d7b5e7276","permalink":"https://lifi-led.ci/author/gilles-akre/","publishdate":"0001-01-01T00:00:00Z","relpermalink":"/author/gilles-akre/","section":"authors","summary":"","tags":null,"title":"Gilles Akre","type":"authors"},{"authors":null,"categories":null,"content":"","date":-62135596800,"expirydate":-62135596800,"kind":"term","lang":"fr","lastmod":-62135596800,"objectID":"ab8a166eae98e80244234942bff09d58","permalink":"https://lifi-led.ci/author/mufassah-kande/","publishdate":"0001-01-01T00:00:00Z","relpermalink":"/author/mufassah-kande/","section":"authors","summary":"","tags":null,"title":"Mufassah Kande","type":"authors"},{"authors":null,"categories":null,"content":"","date":-62135596800,"expirydate":-62135596800,"kind":"term","lang":"fr","lastmod":-62135596800,"objectID":"a20eb54f56038ee8d2a7bad6fd9799e1","permalink":"https://lifi-led.ci/author/salomee-zoura/","publishdate":"0001-01-01T00:00:00Z","relpermalink":"/author/salomee-zoura/","section":"authors","summary":"","tags":null,"title":"Salomée Zoura","type":"authors"},{"authors":[],"categories":null,"content":"Slides can be added in a few ways:\nCreate slides using Wowchemy’s Slides feature and link using slides parameter in the front matter of the talk file Upload an existing slide deck to static/ and link using url_slides parameter in the front matter of the talk file Embed your slides (e.g. Google Slides) or presentation video on this page using shortcodes. Further event details, including page elements such as image galleries, can be added to the body of this page.\n","date":1667566800,"expirydate":-62135596800,"kind":"page","lang":"fr","lastmod":1667566800,"objectID":"a8edef490afe42206247b6ac05657af0","permalink":"https://lifi-led.ci/event/example/","publishdate":"2022-11-02T00:00:00Z","relpermalink":"/event/example/","section":"event","summary":"An example event.","tags":[],"title":"Example Event","type":"event"},{"authors":null,"categories":null,"content":"Pour solutionner l’obscurité dans notre foyer, voici une alternative plus économique pour illuminer l’intérieur de notre maison.\n","date":1640995200,"expirydate":-62135596800,"kind":"page","lang":"fr","lastmod":1640995200,"objectID":"0a1da895cfab58eff904b6187680c45e","permalink":"https://lifi-led.ci/project/kitsolaireindividuel/","publishdate":"2022-01-01T00:00:00Z","relpermalink":"/project/kitsolaireindividuel/","section":"project","summary":"Une description pour le kit solaire Individuel...","tags":["kit solaire"],"title":"Kit Solaire Individuel","type":"project"},{"authors":null,"categories":null,"content":"Afin d’avoir plus de lumière sur les lieux publics où vous allez, LIFILED vous facilite la vision sur votre entourage.\n","date":1640995200,"expirydate":-62135596800,"kind":"page","lang":"fr","lastmod":1640995200,"objectID":"9845cecd515487a46ac169d660e93eee","permalink":"https://lifi-led.ci/project/lampadaireintelligent/","publishdate":"2022-01-01T00:00:00Z","relpermalink":"/project/lampadaireintelligent/","section":"project","summary":"Le lampadaire LIFI est constitué d’un projecteur LED une puissance de 100 à 120 watts alimenté par une batterie interne offrant une autonomie de 10 heures.  La séparation de la source et du panneau solaire et de la source LED favorise une meilleure disposition au soleil augmentant son efficacité ainsi qu’un meilleur refroidissement de la source LED. \n\nFacile à installer, le lampadaire est équipé d’un module LIFI permettant de bénéficier d’un accès internet haut débit avec un mois de gratuité. De plus, les capteurs permettent de réguler la luminosité suivant les heures de la journée mais aussi en suivant le sens d’une personne à proximité. \nDestinée aux gouvernements et responsable de collectivité territoriale, le lampadaire LIFI est la solution adéquate pour résolution d’éclairage dans les zones encore non couverte.   \n","tags":["éclairage public"],"title":"Lampadaire Intelligent","type":"project"},{"authors":null,"categories":null,"content":"","date":1640995200,"expirydate":-62135596800,"kind":"page","lang":"fr","lastmod":1640995200,"objectID":"d1c24698b96679690156edc0e7a31350","permalink":"https://lifi-led.ci/project/smartlampled/","publishdate":"2022-01-01T00:00:00Z","relpermalink":"/project/smartlampled/","section":"project","summary":"Description du Smart lamp LED...","tags":["smart lamp LED"],"title":"Smart Lamp LED","type":"project"},{"authors":["Dyl Mandress"],"categories":null,"content":"Plus de 600 millions d’Africains n’ont pas accès à l’électricité et plus de 1 milliard n’ont pas accès à internet. Heureusement, il y a une solution pour vous. Une solution qui vous permettra de bénéficier de l’électricité, de l’internet, du contenu pédagogique agricole par la même occasion et nous sommes LIFILED.\nLIFI-LED est la start-up numéro 1 spécialisée dans l’intégration des solutions LIFI proposant un système d’éclairage comme un service de communication sans fil et d’internet haut débit. La technologie LIFI utilise la lumière comme source de transmission de donnée Internet à très haut débit grâce à une lampe LED connectée. Comme il y a l’énergie solaire, disposer dès aujourd’hui une solution écologique trois en une (3 en 1), de production d’électricité et d’accès internet à l’information partout dans le monde.\nNous présentons des solutions individuelles pour les ménages mais également des solutions communautaires à destination des entreprises, des gouvernements, des collectivités territoriales à travers les produits suivants : Smart lamp LED, Kit solaire individuel, lampadaire intelligent et la borne LIFI.\nUne application LIFILED permet l’achat de pass internet avec des offres d’abonnements PAY AS YOU GO de 1 euro/jour, 6 euros/semaine et 20 euros/mois avec premier mois offert à l’abonnement. Aujourd’hui, LIFILED est la seule Entreprise exploitant la technologie LIFI au service des communautés et des particuliers pour l’accès et l’optimisation énergétique et a déjà contribuer à la connectivité de plus de 25.000 utilisateurs dans 10 pays d’Afrique. Côte d’Ivoire, Libéria, Centre Afrique, Gabon, Comores, Burkina Faso, Sénégal, Maroc, Algérie et Madagascar.\nNos solutions sont grandement appréciées par nos utilisateurs comme nous confirme le taux de réabonnement mensuel de 80 pour cent.\n","date":1606867200,"expirydate":-62135596800,"kind":"page","lang":"fr","lastmod":1606867200,"objectID":"70234aea35c3defed780dbe621b98428","permalink":"https://lifi-led.ci/post/installation/","publishdate":"2020-12-02T00:00:00Z","relpermalink":"/post/installation/","section":"post","summary":"Plus de 600 millions d’Africains n’ont pas accès à l’électricité et plus de 1 milliard n’ont pas accès à internet. Heureusement, il y a une solution pour vous. Une solution qui vous permettra de bénéficier de l’électricité, de l’internet, du contenu pédagogique agricole par la même occasion et nous sommes LIFILED.","tags":null,"title":"LIFI-LED: Proposition d'une technologie innovante et écologique pour se connecter à grande vitesse  .","type":"post"},{"authors":null,"categories":null,"content":"Congratulations to Richard Hendricks for winning first place in the Wowchemy Prize.\nLorem ipsum dolor sit amet, consectetur adipiscing elit. Integer tempus augue non tempor egestas. Proin nisl nunc, dignissim in accumsan dapibus, auctor ullamcorper neque. Quisque at elit felis. Vestibulum ante ipsum primis in faucibus orci luctus et ultrices posuere cubilia curae; Aenean eget elementum odio. Cras interdum eget risus sit amet aliquet. In volutpat, nisl ut fringilla dignissim, arcu nisl suscipit ante, at accumsan sapien nisl eu eros.\nSed eu dui nec ligula bibendum dapibus. Nullam imperdiet auctor tortor, vel cursus mauris malesuada non. Quisque ultrices euismod dapibus. Aenean sed gravida risus. Sed nisi tortor, vulputate nec quam non, placerat porta nisl. Nunc varius lobortis urna, condimentum facilisis ipsum molestie eu. Ut molestie eleifend ligula sed dignissim. Duis ut tellus turpis. Praesent tincidunt, nunc sed congue malesuada, mauris enim maximus massa, eget interdum turpis urna et ante. Morbi sem nisl, cursus quis mollis et, interdum luctus augue. Aliquam laoreet, leo et accumsan tincidunt, libero neque aliquet lectus, a ultricies lorem mi a orci.\nMauris dapibus sem vel magna convallis laoreet. Donec in venenatis urna, vitae sodales odio. Praesent tortor diam, varius non luctus nec, bibendum vel est. Quisque id sem enim. Maecenas at est leo. Vestibulum tristique pellentesque ex, blandit placerat nunc eleifend sit amet. Fusce eget lectus bibendum, accumsan mi quis, luctus sem. Etiam vitae nulla scelerisque, eleifend odio in, euismod quam. Etiam porta ullamcorper massa, vitae gravida turpis euismod quis. Mauris sodales sem ac ultrices viverra. In placerat ultrices sapien. Suspendisse eu arcu hendrerit, luctus tortor cursus, maximus dolor. Proin et velit et quam gravida dapibus. Donec blandit justo ut consequat tristique.\n","date":1606780800,"expirydate":-62135596800,"kind":"page","lang":"fr","lastmod":1606780800,"objectID":"4e19c707ed0462faa6ed818012af61f9","permalink":"https://lifi-led.ci/post/kit-solaire/","publishdate":"2020-12-01T00:00:00Z","relpermalink":"/post/kit-solaire/","section":"post","summary":"Congratulations to Richard Hendricks for winning first place in the Wowchemy Prize.\n","tags":null,"title":"Richard Hendricks Wins First Place in the Wowchemy Prize","type":"post"},{"authors":[],"categories":[],"content":"Create slides in Markdown with Wowchemy Wowchemy | Documentation\nFeatures Efficiently write slides in Markdown 3-in-1: Create, Present, and Publish your slides Supports speaker notes Mobile friendly slides Controls Next: Right Arrow or Space Previous: Left Arrow Start: Home Finish: End Overview: Esc Speaker notes: S Fullscreen: F Zoom: Alt + Click PDF Export: E Code Highlighting Inline code: variable\nCode block:\nporridge = \u0026#34;blueberry\u0026#34; if porridge == \u0026#34;blueberry\u0026#34;: print(\u0026#34;Eating...\u0026#34;) Math In-line math: $x + y = z$\nBlock math:\n$$ f\\left( x \\right) = ;\\frac{{2\\left( {x + 4} \\right)\\left( {x - 4} \\right)}}{{\\left( {x + 4} \\right)\\left( {x + 1} \\right)}} $$\nFragments Make content appear incrementally\n{{% fragment %}} One {{% /fragment %}} {{% fragment %}} **Two** {{% /fragment %}} {{% fragment %}} Three {{% /fragment %}} Press Space to play!\nOne Two Three A fragment can accept two optional parameters:\nclass: use a custom style (requires definition in custom CSS) weight: sets the order in which a fragment appears Speaker Notes Add speaker notes to your presentation\n{{% speaker_note %}} - Only the speaker can read these notes - Press `S` key to view {{% /speaker_note %}} Press the S key to view the speaker notes!\nOnly the speaker can read these notes Press S key to view Themes black: Black background, white text, blue links (default) white: White background, black text, blue links league: Gray background, white text, blue links beige: Beige background, dark text, brown links sky: Blue background, thin dark text, blue links night: Black background, thick white text, orange links serif: Cappuccino background, gray text, brown links simple: White background, black text, blue links solarized: Cream-colored background, dark green text, blue links Custom Slide Customize the slide style and background\n{{\u0026lt; slide background-image=\u0026#34;/media/boards.jpg\u0026#34; \u0026gt;}} {{\u0026lt; slide background-color=\u0026#34;#0000FF\u0026#34; \u0026gt;}} {{\u0026lt; slide class=\u0026#34;my-style\u0026#34; \u0026gt;}} Custom CSS Example Let’s make headers navy colored.\nCreate assets/css/reveal_custom.css with:\n.reveal section h1, .reveal section h2, .reveal section h3 { color: navy; } Questions? Ask\nDocumentation\n","date":1549324800,"expirydate":-62135596800,"kind":"page","lang":"fr","lastmod":1549324800,"objectID":"0e6de1a61aa83269ff13324f3167c1a9","permalink":"https://lifi-led.ci/slides/example/","publishdate":"2019-02-05T00:00:00Z","relpermalink":"/slides/example/","section":"slides","summary":"An introduction to using Wowchemy's Slides feature.","tags":[],"title":"Slides","type":"slides"},{"authors":null,"categories":null,"content":"Nous vous offrons plus de confort en vous proposant une source de connexion internet haut-débit via la source de lumière des produits supports.\n","date":1461715200,"expirydate":-62135596800,"kind":"page","lang":"fr","lastmod":1461715200,"objectID":"147255e393a11a301c4047b95f6f961a","permalink":"https://lifi-led.ci/project/bornelifi/","publishdate":"2016-04-27T00:00:00Z","relpermalink":"/project/bornelifi/","section":"project","summary":"Nous vous offrons plus de confort en vous proposant une source de connexion internet haut-débit via la source de lumière des produits supports.","tags":["connectivity"],"title":"Borne LiFi","type":"project"},{"authors":null,"categories":null,"content":"","date":-62135596800,"expirydate":-62135596800,"kind":"page","lang":"fr","lastmod":-62135596800,"objectID":"c1d17ff2b20dca0ad6653a3161942b64","permalink":"https://lifi-led.ci/people/","publishdate":"0001-01-01T00:00:00Z","relpermalink":"/people/","section":"","summary":"","tags":null,"title":"","type":"widget_page"}]