<?xml version="1.0" encoding="utf-8" standalone="yes" ?>
<rss version="2.0" xmlns:atom="http://www.w3.org/2005/Atom">
  <channel>
    <title>éclairage public | LIFI LED</title>
    <link>https://lifi-led.ci/tag/eclairage-public/</link>
      <atom:link href="https://lifi-led.ci/tag/eclairage-public/index.xml" rel="self" type="application/rss+xml" />
    <description>éclairage public</description>
    <generator>Wowchemy (https://wowchemy.com)</generator><language>fr-fr</language><lastBuildDate>Sat, 01 Jan 2022 00:00:00 +0000</lastBuildDate>
    <image>
      <url>https://lifi-led.ci/media/icon_hu7b71accb428eb6e2cf883488ffd27d89_25304_512x512_fill_lanczos_center_3.png</url>
      <title>éclairage public</title>
      <link>https://lifi-led.ci/tag/eclairage-public/</link>
    </image>
    
    <item>
      <title>Lampadaire Intelligent</title>
      <link>https://lifi-led.ci/project/lampadaireintelligent/</link>
      <pubDate>Sat, 01 Jan 2022 00:00:00 +0000</pubDate>
      <guid>https://lifi-led.ci/project/lampadaireintelligent/</guid>
      <description>&lt;p&gt;Afin d’avoir plus de lumière sur les lieux publics où vous allez, LIFILED vous facilite la vision sur votre entourage.&lt;/p&gt;
</description>
    </item>
    
  </channel>
</rss>
