<?xml version="1.0" encoding="utf-8" standalone="yes" ?>
<rss version="2.0" xmlns:atom="http://www.w3.org/2005/Atom">
  <channel>
    <title>Authors | LIFI LED</title>
    <link>https://lifi-led.ci/authors/</link>
      <atom:link href="https://lifi-led.ci/authors/index.xml" rel="self" type="application/rss+xml" />
    <description>Authors</description>
    <generator>Wowchemy (https://wowchemy.com)</generator><language>fr-fr</language><lastBuildDate>Wed, 02 Dec 2020 00:00:00 +0000</lastBuildDate>
    <image>
      <url>https://lifi-led.ci/media/icon_hu7b71accb428eb6e2cf883488ffd27d89_25304_512x512_fill_lanczos_center_3.png</url>
      <title>Authors</title>
      <link>https://lifi-led.ci/authors/</link>
    </image>
    
  </channel>
</rss>
