<?xml version="1.0" encoding="utf-8" standalone="yes" ?>
<rss version="2.0" xmlns:atom="http://www.w3.org/2005/Atom">
  <channel>
    <title>Événements récents et à venir | LIFI LED</title>
    <link>https://lifi-led.ci/event/</link>
      <atom:link href="https://lifi-led.ci/event/index.xml" rel="self" type="application/rss+xml" />
    <description>Événements récents et à venir</description>
    <generator>Wowchemy (https://wowchemy.com)</generator><language>fr-fr</language><lastBuildDate>Fri, 04 Nov 2022 13:00:00 +0000</lastBuildDate>
    <image>
      <url>https://lifi-led.ci/media/icon_hu7b71accb428eb6e2cf883488ffd27d89_25304_512x512_fill_lanczos_center_3.png</url>
      <title>Événements récents et à venir</title>
      <link>https://lifi-led.ci/event/</link>
    </image>
    
    <item>
      <title>Example Event</title>
      <link>https://lifi-led.ci/event/example/</link>
      <pubDate>Fri, 04 Nov 2022 13:00:00 +0000</pubDate>
      <guid>https://lifi-led.ci/event/example/</guid>
      <description>&lt;p&gt;Slides can be added in a few ways:&lt;/p&gt;
&lt;ul&gt;
&lt;li&gt;&lt;strong&gt;Create&lt;/strong&gt; slides using Wowchemy&amp;rsquo;s &lt;a href=&#34;https://wowchemy.com/docs/managing-content/#create-slides&#34; target=&#34;_blank&#34; rel=&#34;noopener&#34;&gt;&lt;em&gt;Slides&lt;/em&gt;&lt;/a&gt; feature and link using &lt;code&gt;slides&lt;/code&gt; parameter in the front matter of the talk file&lt;/li&gt;
&lt;li&gt;&lt;strong&gt;Upload&lt;/strong&gt; an existing slide deck to &lt;code&gt;static/&lt;/code&gt; and link using &lt;code&gt;url_slides&lt;/code&gt; parameter in the front matter of the talk file&lt;/li&gt;
&lt;li&gt;&lt;strong&gt;Embed&lt;/strong&gt; your slides (e.g. Google Slides) or presentation video on this page using &lt;a href=&#34;https://wowchemy.com/docs/writing-markdown-latex/&#34; target=&#34;_blank&#34; rel=&#34;noopener&#34;&gt;shortcodes&lt;/a&gt;.&lt;/li&gt;
&lt;/ul&gt;
&lt;p&gt;Further event details, including page elements such as image galleries, can be added to the body of this page.&lt;/p&gt;
</description>
    </item>
    
  </channel>
</rss>
