<?xml version="1.0" encoding="utf-8" standalone="yes" ?>
<rss version="2.0" xmlns:atom="http://www.w3.org/2005/Atom">
  <channel>
    <title>kit solaire | LIFI LED</title>
    <link>https://lifi-led.ci/tag/kit-solaire/</link>
      <atom:link href="https://lifi-led.ci/tag/kit-solaire/index.xml" rel="self" type="application/rss+xml" />
    <description>kit solaire</description>
    <generator>Wowchemy (https://wowchemy.com)</generator><language>fr-fr</language><lastBuildDate>Sat, 01 Jan 2022 00:00:00 +0000</lastBuildDate>
    <image>
      <url>https://lifi-led.ci/media/icon_hu7b71accb428eb6e2cf883488ffd27d89_25304_512x512_fill_lanczos_center_3.png</url>
      <title>kit solaire</title>
      <link>https://lifi-led.ci/tag/kit-solaire/</link>
    </image>
    
    <item>
      <title>Kit Solaire Individuel</title>
      <link>https://lifi-led.ci/project/kitsolaireindividuel/</link>
      <pubDate>Sat, 01 Jan 2022 00:00:00 +0000</pubDate>
      <guid>https://lifi-led.ci/project/kitsolaireindividuel/</guid>
      <description>&lt;p&gt;Pour solutionner l’obscurité dans notre foyer, voici une alternative plus économique pour illuminer l’intérieur de notre maison.&lt;/p&gt;
</description>
    </item>
    
  </channel>
</rss>
