<?xml version="1.0" encoding="utf-8" standalone="yes" ?>
<rss version="2.0" xmlns:atom="http://www.w3.org/2005/Atom">
  <channel>
    <title>connectivity | LIFI LED</title>
    <link>https://lifi-led.ci/tag/connectivity/</link>
      <atom:link href="https://lifi-led.ci/tag/connectivity/index.xml" rel="self" type="application/rss+xml" />
    <description>connectivity</description>
    <generator>Wowchemy (https://wowchemy.com)</generator><language>fr-fr</language><lastBuildDate>Wed, 27 Apr 2016 00:00:00 +0000</lastBuildDate>
    <image>
      <url>https://lifi-led.ci/media/icon_hu7b71accb428eb6e2cf883488ffd27d89_25304_512x512_fill_lanczos_center_3.png</url>
      <title>connectivity</title>
      <link>https://lifi-led.ci/tag/connectivity/</link>
    </image>
    
    <item>
      <title>Borne LiFi</title>
      <link>https://lifi-led.ci/project/bornelifi/</link>
      <pubDate>Wed, 27 Apr 2016 00:00:00 +0000</pubDate>
      <guid>https://lifi-led.ci/project/bornelifi/</guid>
      <description>&lt;p&gt;Nous vous offrons plus de confort en vous proposant une source de connexion internet haut-débit via la source de lumière des produits supports.&lt;/p&gt;
</description>
    </item>
    
  </channel>
</rss>
