<?xml version="1.0" encoding="utf-8" standalone="yes" ?>
<rss version="2.0" xmlns:atom="http://www.w3.org/2005/Atom">
  <channel>
    <title>Products | LIFI LED</title>
    <link>https://lifi-led.ci/product/</link>
      <atom:link href="https://lifi-led.ci/product/index.xml" rel="self" type="application/rss+xml" />
    <description>Products</description>
    <generator>Wowchemy (https://wowchemy.com)</generator><language>fr-fr</language><lastBuildDate>Sat, 01 Jan 2022 00:00:00 +0000</lastBuildDate>
    <image>
      <url>https://lifi-led.ci/media/icon_hu7b71accb428eb6e2cf883488ffd27d89_25304_512x512_fill_lanczos_center_3.png</url>
      <title>Products</title>
      <link>https://lifi-led.ci/product/</link>
    </image>
    
    <item>
      <title>Kit Solaire Individuel</title>
      <link>https://lifi-led.ci/product/kitsolaireindividuel/</link>
      <pubDate>Sat, 01 Jan 2022 00:00:00 +0000</pubDate>
      <guid>https://lifi-led.ci/product/kitsolaireindividuel/</guid>
      <description>&lt;p&gt;Pour solutionner l’obscurité dans notre foyer, voici une alternative plus économique pour illuminer l’intérieur de notre maison.&lt;/p&gt;
</description>
    </item>
    
    <item>
      <title>Lampadaire Intelligent</title>
      <link>https://lifi-led.ci/product/lampadaireintelligent/</link>
      <pubDate>Sat, 01 Jan 2022 00:00:00 +0000</pubDate>
      <guid>https://lifi-led.ci/product/lampadaireintelligent/</guid>
      <description>&lt;p&gt;Afin d’avoir plus de lumière sur les lieux publics où vous allez, LIFILED vous facilite la vision sur votre entourage.&lt;/p&gt;
</description>
    </item>
    
    <item>
      <title>Smart Lamp LED</title>
      <link>https://lifi-led.ci/product/smartlampled/</link>
      <pubDate>Sat, 01 Jan 2022 00:00:00 +0000</pubDate>
      <guid>https://lifi-led.ci/product/smartlampled/</guid>
      <description></description>
    </item>
    
    <item>
      <title>Borne LiFi</title>
      <link>https://lifi-led.ci/product/bornelifi/</link>
      <pubDate>Wed, 27 Apr 2016 00:00:00 +0000</pubDate>
      <guid>https://lifi-led.ci/product/bornelifi/</guid>
      <description>&lt;p&gt;Nous vous offrons plus de confort en vous proposant une source de connexion internet haut-débit via la source de lumière des produits supports.&lt;/p&gt;
</description>
    </item>
    
  </channel>
</rss>
